id,startTime,origin,destination,totalPower,minimumCapacity,chargeLevelInterval,optimizedCost,optimizedCostDuration,optimizedDuration,optimizedDurationFinancialCost,endTime,error
f3eed27de2f,1684487402321,"{""latitude"":59.188956929696936,""longitude"":13.37990992066616}","{""latitude"":59.94046649336293,""longitude"":13.66976377577871}",9245.573058761674,43,50,0.0,5699.999999999998,5699.999999999998,0.0,1684487461279,
e50030aca2d,1684487461302,"{""latitude"":60.23301952977527,""longitude"":13.528501890416917}","{""latitude"":59.60549803405616,""longitude"":16.779537207301857}",28294.802205883614,43,50,,,,,1684487650186,
8b04265f66d,1684487650236,"{""latitude"":59.74999614778409,""longitude"":15.258122033304417}","{""latitude"":56.75573491879138,""longitude"":15.44271398007956}",41585.57449865991,43,50,,,,,,
c961b63aa5f,1684489081631,"{""latitude"":55.887033121156385,""longitude"":13.07646570727141}","{""latitude"":60.14050023753482,""longitude"":13.125343360792014}",68059.78613348745,43,50,,,,,,
fbdc3f71999,1684490882000,"{""latitude"":59.74999614778409,""longitude"":15.258122033304417}","{""latitude"":56.75573491879138,""longitude"":15.44271398007956}",41585.57449865991,43,50,,,,,,
1c286374879,1684492141540,"{""latitude"":55.887033121156385,""longitude"":13.07646570727141}","{""latitude"":60.14050023753482,""longitude"":13.125343360792014}",68059.78613348745,43,50,,,,,,
7cf0d941f8c,1684493941532,"{""latitude"":57.270541766636185,""longitude"":12.2050238209794}","{""latitude"":58.784857594028765,""longitude"":12.307911126803631}",21958.27330276957,43,50,33.72302335875552,13100.920214012243,,,,
9651f0837a5,1684495802178,"{""latitude"":56.20215923508973,""longitude"":12.983631445447251}","{""latitude"":58.80703182441907,""longitude"":14.898160342489717}",49457.561135800075,43,50,198.489465897284,22752.951235061948,,,,
1f6e2787162,1684497301761,"{""latitude"":57.270541766636185,""longitude"":12.2050238209794}","{""latitude"":58.784857594028765,""longitude"":12.307911126803631}",21958.27330276957,43,50,33.72302335875552,13100.920214012243,,,,
7fe50fb89b0,1684499162381,"{""latitude"":56.20215923508973,""longitude"":12.983631445447251}","{""latitude"":58.80703182441907,""longitude"":14.898160342489717}",49457.561135800075,43,50,198.489465897284,22752.951235061948,,,,
61f59221fca,1684500662528,"{""latitude"":60.22496113987268,""longitude"":13.522888467415921}","{""latitude"":59.31347949252361,""longitude"":17.80737661252474}",40011.085657109346,43,50,,,,,1684501003677,
a84de0f6916,1684501004360,"{""latitude"":59.807798054943845,""longitude"":12.24241062399057}","{""latitude"":56.94257375632424,""longitude"":15.200703302220234}",55660.93077462446,43,50,,,,,,
edffa6e058b,1684502581710,"{""latitude"":56.98755558723169,""longitude"":13.758414400055779}","{""latitude"":59.90824333351126,""longitude"":18.589546213747617}",67622.08610298806,43,50,,,,,,
c463968ffb3,1684503962280,"{""latitude"":58.957502738756915,""longitude"":13.52913424093535}","{""latitude"":59.65646582511172,""longitude"":17.16456970557571}",38918.59930384169,43,50,,,,,1684504163017,
ffb35c527c8,1684504163089,"{""latitude"":59.30003550851638,""longitude"":14.539020844894765}","{""latitude"":55.724761927705615,""longitude"":13.480376272861076}",62366.11325619472,43,50,,,,,,
9a6b43582df,1684505761932,"{""latitude"":57.061121950302,""longitude"":14.424548411205318}","{""latitude"":59.59455442499633,""longitude"":12.566172623526247}",47996.680097570956,43,50,,,,,,
b4e802d0330,1684506961747,"{""latitude"":57.39147566531539,""longitude"":13.043699664431337}","{""latitude"":60.16903750971008,""longitude"":13.035477734738114}",40962.40555408868,43,50,,,,,1684507133188,
6cc0594c5f1,1684507133260,"{""latitude"":58.86945997637765,""longitude"":15.0022203047928}","{""latitude"":56.44506315196795,""longitude"":14.619086959168023}",40958.67894509696,43,50,,,,,,
c437bcd03a3,1684508762243,"{""latitude"":56.92963275498034,""longitude"":13.636737715518063}","{""latitude"":56.0831908862089,""longitude"":13.859255021178146}",14848.165330351178,43,50,0.0,8892.300000000014,8892.300000000014,0.0,1684508791715,
23189c220b1,1684508791737,"{""latitude"":57.504134543129915,""longitude"":14.725457017292868}","{""latitude"":57.141006200280444,""longitude"":12.586328884744372}",18009.221998079393,43,50,54.48131235887708,13136.316816592645,12087.95993900751,58.330601732747795,1684508828489,
32974c12fa6,1684508828519,"{""latitude"":58.86945997637765,""longitude"":15.0022203047928}","{""latitude"":56.44506315196795,""longitude"":14.619086959168023}",40958.67894509696,43,50,,,,,,
8de6775b2be,1684510442305,"{""latitude"":57.1227500915947,""longitude"":16.243569908131896}","{""latitude"":59.25272243526946,""longitude"":12.934942085268723}",50466.03390107095,43,50,209.4773195396882,30524.404710401846,30201.226724562875,252.27104208906633,1684510855133,
f0ad7e04ab3,1684510855216,"{""latitude"":58.68774173925157,""longitude"":12.971145295193923}","{""latitude"":60.16489430028801,""longitude"":18.227306948557562}",48107.73444875901,43,50,184.10178970537072,26593.13185845486,,,,
c4317e0554f,1684513562253,"{""latitude"":57.1227500915947,""longitude"":16.243569908131896}","{""latitude"":59.25272243526946,""longitude"":12.934942085268723}",50466.03390107095,43,50,209.4773195396882,30524.404710401846,30201.226724562875,252.27104208906633,1684513968474,
cdbe6e32b6b,1684513968603,"{""latitude"":58.68774173925157,""longitude"":12.971145295193923}","{""latitude"":60.16489430028801,""longitude"":18.227306948557562}",48107.73444875901,43,50,184.10178970537072,26593.13185845486,,,,
3f2ec5297a0,1684516621767,"{""latitude"":59.90097734131084,""longitude"":17.888958742801982}","{""latitude"":56.32525665191964,""longitude"":14.718928304409953}",75412.73361311952,43,50,,,,,,
279e6e98af8,1684518482259,"{""latitude"":57.4109099825183,""longitude"":16.60574966623343}","{""latitude"":59.6396775776062,""longitude"":14.694805893122714}",38405.63279003421,43,50,144.3712188210904,25457.954436401196,24714.237817018107,151.86649092998385,1684518616225,
34b69238d01,1684518616312,"{""latitude"":59.90097734131084,""longitude"":17.888958742801982}","{""latitude"":56.32525665191964,""longitude"":14.718928304409953}",75412.73361311952,43,50,,,,,,
6f675ac7654,1684520642458,"{""latitude"":58.87983617321384,""longitude"":11.42489125944721}","{""latitude"":58.15710845728508,""longitude"":14.611305944899431}",37933.76996531572,43,50,142.7211988886221,23420.94389937006,21302.631112530777,146.75450115220428,1684520832007,
1653fa0e468,1684520832070,"{""latitude"":57.82467629271389,""longitude"":13.23118914234707}","{""latitude"":56.45818042638297,""longitude"":13.61755410141367}",28657.596364839497,43,50,79.78359227062361,12151.491281312099,10766.171668908299,89.8660986285239,1684520950889,
557425455a3,1684520950917,"{""latitude"":57.281905670586255,""longitude"":15.039412489067782}","{""latitude"":55.652646838450586,""longitude"":13.830106933473598}",26795.42204469677,43,50,99.7737943488186,18376.264576603906,16996.248682848433,107.57206468245509,1684521014064,
6f22f7a5a7a,1684521014101,"{""latitude"":57.28329722471752,""longitude"":12.756883513788981}","{""latitude"":60.38014784782576,""longitude"":13.197936328216535}",47351.06341332149,43,50,,,,,,
29d5f77263e,1684522561642,"{""latitude"":59.77036488708487,""longitude"":18.84278795499393}","{""latitude"":56.193945448661616,""longitude"":15.689386622959313}",65810.08404238177,43,50,,,,,,
38f9e451a3d,1684524181587,"{""latitude"":57.28329722471752,""longitude"":12.756883513788981}","{""latitude"":60.38014784782576,""longitude"":13.197936328216535}",47351.06341332149,43,50,,,,,,
1e1fe137b36,1684525562393,"{""latitude"":59.77036488708487,""longitude"":18.84278795499393}","{""latitude"":56.193945448661616,""longitude"":15.689386622959313}",65810.08404238177,43,50,,,,,,
1143232a756,1684527241734,"{""latitude"":59.49735562348517,""longitude"":13.107836573460197}","{""latitude"":56.19350913150211,""longitude"":15.492053969108767}",58645.56963122321,43,50,,,,,,
4e99c55d8f5,1684528562353,"{""latitude"":58.527419734823,""longitude"":14.089702398889122}","{""latitude"":57.12447805469859,""longitude"":13.279487809817692}",21095.188832985383,43,50,85.84360682103923,15460.892244688328,14444.792471216568,85.84998384702259,1684528586474,
d5ed5bf3f14,1684528586512,"{""latitude"":58.47480577851179,""longitude"":16.507485785597652}","{""latitude"":57.520683302330866,""longitude"":13.357985134022314}",32430.039626176163,43,50,86.06443872451415,16826.395201515377,14609.034046543156,88.26281020476097,1684529867393,
029dd49c81b,1684529870015,"{""latitude"":59.49735562348517,""longitude"":13.107836573460197}","{""latitude"":56.19350913150211,""longitude"":15.492053969108767}",58645.56963122321,43,50,,,,,,
d04cdc4b25b,1684531442212,"{""latitude"":58.47480577851179,""longitude"":16.507485785597652}","{""latitude"":57.520683302330866,""longitude"":13.357985134022314}",32430.039626176163,43,50,86.06443872451415,16826.395201515377,14609.034046543156,88.26281020476097,1684532503697,
9dde2a1bb97,1684532809004,"{""latitude"":59.37814746925627,""longitude"":16.06057961334547}","{""latitude"":59.277764968058335,""longitude"":15.591693425907813}",8210.152087652054,43,50,0.0,6135.199999999987,6135.199999999987,0.0,1684532886506,
89d6fe974e4,1684532886529,"{""latitude"":59.40533605245715,""longitude"":12.285694176420428}","{""latitude"":59.53639326932574,""longitude"":14.061826320683263}",16225.481399777227,43,50,0.0,8638.39999999999,8638.39999999999,0.0,1684532987232,
0793d765a15,1684532987265,"{""latitude"":57.219541000333926,""longitude"":14.973121626798704}","{""latitude"":56.37948906272959,""longitude"":13.25345686103382}",21540.96716741986,43,50,49.58423800068411,12448.696619363658,11186.486567805954,53.362477232499735,1684533064807,
b5c9f56e5f7,1684533064832,"{""latitude"":57.04566859493332,""longitude"":12.281371704354571}","{""latitude"":58.797603471636215,""longitude"":12.489618365908683}",26514.214647654786,43,50,,,,,,
4c8c40bdf0d,1684534742457,"{""latitude"":56.6290499481679,""longitude"":14.506973634608714}","{""latitude"":59.97389951350505,""longitude"":12.857075778887966}",54602.565387457835,43,50,,,,,,
b552a153173,1684535881546,"{""latitude"":57.04566859493332,""longitude"":12.281371704354571}","{""latitude"":58.797603471636215,""longitude"":12.489618365908683}",26514.214647654786,43,50,,,,,,
5f34baded1c,1684537322348,"{""latitude"":56.6290499481679,""longitude"":14.506973634608714}","{""latitude"":59.97389951350505,""longitude"":12.857075778887966}",54602.565387457835,43,50,,,,,,
798d0a3b967,1684538461939,"{""latitude"":60.50803718822962,""longitude"":17.925174859217606}","{""latitude"":59.49479862325933,""longitude"":17.469814569245084}",18066.79951099951,43,50,0.0,10034.900000000014,10034.900000000014,0.0,1684538530550,
4266640b84d,1684538530600,"{""latitude"":56.904588619735904,""longitude"":12.839066434587265}","{""latitude"":59.176880460256044,""longitude"":15.469829740858394}",42193.12598754709,43,50,162.93525369018502,24507.977800006083,21625.619316719985,169.1020390181991,1684539220410,
1f645468532,1684539222102,"{""latitude"":59.96925181503942,""longitude"":16.03919681878315}","{""latitude"":59.265971705405725,""longitude"":13.855825317367586}",26002.18494705504,43,50,50.877605522276866,13821.712110653447,13054.144927526508,54.930904345627816,1684539378133,
bad1dbe75b7,1684539378176,"{""latitude"":56.904588619735904,""longitude"":12.839066434587265}","{""latitude"":59.176880460256044,""longitude"":15.469829740858394}",42193.12598754709,43,50,162.93525369018502,24507.977800006083,21625.619316719985,169.1020390181991,1684540023156,
dc79d6e5da7,1684540024122,"{""latitude"":59.47395241905886,""longitude"":15.675762060510014}","{""latitude"":59.808470835038044,""longitude"":18.765144567098375}",27555.865122464314,43,50,53.095542703547956,14369.037611069714,12696.04002011647,58.389027018664265,1684540542516,
801253ce9ac,1684540542798,"{""latitude"":57.18113868659505,""longitude"":12.79806446876562}","{""latitude"":59.964514543211166,""longitude"":16.362508487289492}",56909.23391601733,43,50,,,,,,
c813ae0c7b9,1684541941802,"{""latitude"":59.47395241905886,""longitude"":15.675762060510014}","{""latitude"":59.808470835038044,""longitude"":18.765144567098375}",27555.865122464314,43,50,53.095542703547956,14369.037611069714,12696.04002011647,58.389027018664265,1684542475167,
f3e49636c34,1684542475300,"{""latitude"":57.18113868659505,""longitude"":12.79806446876562}","{""latitude"":59.964514543211166,""longitude"":16.362508487289492}",56909.23391601733,43,50,,,,,,
41ff4b3e05d,1684543861932,"{""latitude"":59.19175467697872,""longitude"":16.251242563498362}","{""latitude"":59.960471176055904,""longitude"":17.663121843595416}",18190.389005185054,43,50,0.0,8706.399999999987,8706.399999999987,0.0,1684544018674,
925433475d5,1684544018713,"{""latitude"":56.62308424498266,""longitude"":16.532782139274683}","{""latitude"":59.89672029051189,""longitude"":18.343880612354713}",58843.26987050351,43,50,,,,,,
0358582b653,1684545842020,"{""latitude"":58.03068287440561,""longitude"":13.37623206034943}","{""latitude"":58.1551786432232,""longitude"":14.387107694653334}",6701.094231534849,43,50,0.0,5175.500000000004,5175.500000000004,0.0,1684545899691,
dc2e8fe7026,1684545899710,"{""latitude"":56.62308424498266,""longitude"":16.532782139274683}","{""latitude"":59.89672029051189,""longitude"":18.343880612354713}",58843.26987050351,43,50,,,,,,
fc1d3f321f2,1684547762146,"{""latitude"":57.58652743055812,""longitude"":13.832964717801426}","{""latitude"":57.032137915776005,""longitude"":14.733044076481406}",10660.690923586893,43,50,0.0,8465.300000000014,8465.300000000014,0.0,1684547763988,
21f22c637c4,1684547764005,"{""latitude"":55.53714120996301,""longitude"":14.306970590857171}","{""latitude"":57.898769719959425,""longitude"":13.461741726342586}",42489.250107062166,43,50,170.3162915290751,24761.29057199527,22785.668014487546,206.37245214010835,1684547963484,
7519d23c79d,1684547963548,"{""latitude"":58.49052220265228,""longitude"":14.354659350134549}","{""latitude"":57.8810850653377,""longitude"":15.560314356652857}",22686.55884275491,43,50,80.89076217423892,14810.514689701682,14358.99676581582,91.3379131548415,1684548015393,
56e5d969f07,1684548015449,"{""latitude"":59.12275236097175,""longitude"":15.85961288456014}","{""latitude"":57.17419390884367,""longitude"":14.884741268151789}",34996.24082552631,43,50,120.18120941376378,21668.57723278676,,,,
dabe0f8662a,1684550282309,"{""latitude"":56.01755641480403,""longitude"":14.422495716303624}","{""latitude"":60.430485556751535,""longitude"":12.752176843419164}",73305.66105127298,43,50,,,,,,
4a40cb1047f,1684551781865,"{""latitude"":59.12275236097175,""longitude"":15.85961288456014}","{""latitude"":57.17419390884367,""longitude"":14.884741268151789}",34996.24082552631,43,50,120.18120941376378,21668.57723278676,,,,
cd9dc980680,1684553941794,"{""latitude"":56.01755641480403,""longitude"":14.422495716303624}","{""latitude"":60.430485556751535,""longitude"":12.752176843419164}",73305.66105127298,43,50,,,,,,
50cf6fc9715,1684555382202,"{""latitude"":59.74156674899787,""longitude"":18.84532172077803}","{""latitude"":56.9542470903967,""longitude"":14.052621047615737}",64822.404798062256,43,50,,,,,,
ab88f4862a7,1684557122287,"{""latitude"":58.564063327886295,""longitude"":15.477564946537125}","{""latitude"":60.07842032179804,""longitude"":18.423977426000725}",38144.94909789731,43,50,100.48914420521436,21094.107248420478,,,,
c09500098ad,1684559222417,"{""latitude"":59.74156674899787,""longitude"":18.84532172077803}","{""latitude"":56.9542470903967,""longitude"":14.052621047615737}",64822.404798062256,43,50,,,,,,
e47102ab92e,1684560961994,"{""latitude"":58.564063327886295,""longitude"":15.477564946537125}","{""latitude"":60.07842032179804,""longitude"":18.423977426000725}",38144.94909789731,43,50,100.48914420521436,21094.107248420478,,,,
ac5a86f93c5,1684563242052,"{""latitude"":59.284828389402485,""longitude"":18.055441387070644}","{""latitude"":58.2954210031894,""longitude"":14.333787403558674}",39497.32101616767,43,50,,,,,,
6c17ba805bc,1684564621822,"{""latitude"":58.83385212521371,""longitude"":11.449312868265885}","{""latitude"":58.3665523196877,""longitude"":15.248507966957115}",43856.49314420087,43,50,173.18739244218457,26860.426848764746,24246.059438470813,216.66416386649257,1684564884428,
4b75098a5de,1684564884498,"{""latitude"":59.284828389402485,""longitude"":18.055441387070644}","{""latitude"":58.2954210031894,""longitude"":14.333787403558674}",39497.32101616767,43,50,,,,,,
9b6e25b8b68,1684566421774,"{""latitude"":59.06062550393865,""longitude"":15.933374312674124}","{""latitude"":58.18370764912475,""longitude"":16.314423944471788}",14426.600336533555,43,50,0.0,9014.100000000011,9014.100000000011,0.0,1684566481260,
ac5aa6cf537,1684566481296,"{""latitude"":58.88033075700974,""longitude"":12.287468824821238}","{""latitude"":56.86161315034171,""longitude"":13.033512609785259}",35761.53739102172,43,50,,,,,,
8d75b225542,1684568402187,"{""latitude"":58.5797197980025,""longitude"":11.799748604672406}","{""latitude"":59.00872002462573,""longitude"":13.51381473447483}",15246.028405380452,43,50,0.0,11187.299999999976,11187.299999999976,0.0,1684568516917,
05d7e08caeb,1684568516966,"{""latitude"":58.88033075700974,""longitude"":12.287468824821238}","{""latitude"":56.86161315034171,""longitude"":13.033512609785259}",35761.53739102172,43,50,,,,,,
aa511e58d76,1684570441514,"{""latitude"":58.6136867825604,""longitude"":16.56797034477184}","{""latitude"":58.4410665060739,""longitude"":13.42595944146657}",36872.02755610244,43,50,,,,,,
bb19bca73f8,1684571822460,"{""latitude"":56.86421094744362,""longitude"":16.047699179371776}","{""latitude"":58.84820961542679,""longitude"":11.988498689256886}",45370.07999030777,43,50,199.17154299308854,32548.423470979105,30208.73901060433,265.6018535475007,1684571938298,
efb79986c71,1684571938385,"{""latitude"":58.6136867825604,""longitude"":16.56797034477184}","{""latitude"":58.4410665060739,""longitude"":13.42595944146657}",36872.02755610244,43,50,,,,,,
c9a75299019,1684852787267,"{""latitude"":57.64190472361895,""longitude"":11.902979184580769}","{""latitude"":59.78298343423854,""longitude"":17.797088996895525}",57534.657834281075,43,50,,,,,,
4d7b803250e,1684857661567,"{""latitude"":58.657754922211105,""longitude"":15.540983678845329}","{""latitude"":57.48447494189779,""longitude"":14.215721797091081}",23916.22701766464,43,50,52.09133146448255,10803.010603866198,10090.613272644052,52.0935188676733,1684858522921,
dfd5b939d22,1684858522961,"{""latitude"":58.9527395377551,""longitude"":15.125154482142776}","{""latitude"":56.090168685718,""longitude"":13.887667067223553}",49170.59700765198,43,50,,,,,,
4c8134590a8,1684860782234,"{""latitude"":58.49728113505766,""longitude"":13.439381854715197}","{""latitude"":59.73462648638274,""longitude"":17.778856045272075}",40143.4460161263,43,50,142.7076382855435,21989.99472364036,19076.227480009686,172.19434220816436,1684862231872,
1ef4a83fb08,1684861467867,"{""latitude"":59.98643456776543,""longitude"":12.907706783057643}","{""latitude"":57.61040834948665,""longitude"":14.697440612151741}",42025.19685749301,43,50,,,,,,
bb5bb281ccc,1684862232697,"{""latitude"":58.9527395377551,""longitude"":15.125154482142776}","{""latitude"":56.090168685718,""longitude"":13.887667067223553}",49170.59700765198,43,50,,,,,,
0383e261b3b,1684863542238,"{""latitude"":58.12045296998584,""longitude"":14.237888419679608}","{""latitude"":58.4730329867299,""longitude"":15.340258976581948}",20943.553893357297,43,50,25.411900615177686,9778.490993191,9544.63942188564,25.413942641067162,1684864101629,
d3248ec083a,1684864101691,"{""latitude"":59.98643456776543,""longitude"":12.907706783057643}","{""latitude"":57.61040834948665,""longitude"":14.697440612151741}",42025.19685749301,43,50,,,,,,
549d066fe4f,1684864502223,"{""latitude"":58.49728113505766,""longitude"":13.439381854715197}","{""latitude"":59.73462648638274,""longitude"":17.778856045272075}",40143.4460161263,43,50,142.7076382855435,21989.99472364036,19076.227480009686,172.19434220816436,1684865955475,
80137e6c6ba,1684865956383,"{""latitude"":57.828915964132214,""longitude"":12.1008269643432}","{""latitude"":57.776274269587674,""longitude"":15.987980170399588}",33201.59762983594,43,50,118.19621144546382,21080.0078734269,17972.76853742401,125.311220218877,1684866963574,
013218a0647,1684866301725,"{""latitude"":57.34957577123395,""longitude"":14.671460710215186}","{""latitude"":57.33213511150875,""longitude"":15.302838220748654}",5282.261753349832,43,50,0.0,3828.6000000000067,3828.6000000000067,0.0,1684866383785,
d731cf5304f,1684866383800,"{""latitude"":59.41672471895467,""longitude"":16.781967119560434}","{""latitude"":57.88075555856804,""longitude"":16.074507916315202}",27140.481682940936,43,50,74.18362418948456,16139.899996867578,16139.899996867578,74.18362418948456,1684866676191,
37f3e94068b,1684866676237,"{""latitude"":59.54265018346228,""longitude"":13.187177513708411}","{""latitude"":59.38444961897967,""longitude"":16.28709659819509}",27159.641847576648,43,50,,,,,,
26bd020f53d,1684866963856,"{""latitude"":56.920744776437836,""longitude"":15.143949177174829}","{""latitude"":56.62026305251856,""longitude"":14.921119950063638}",5466.995023136165,43,50,0.0,4035.5999999999995,4035.5999999999995,0.0,1684866965595,
f53de4ffc55,1684866965606,"{""latitude"":57.462998204896486,""longitude"":13.566187516031626}","{""latitude"":57.239093134573075,""longitude"":14.282676497377977}",8053.904344069142,43,50,0.0,5238.599999999991,5238.599999999991,0.0,1684867130726,
1e789c99026,1684867130741,"{""latitude"":57.828915964132214,""longitude"":12.1008269643432}","{""latitude"":57.776274269587674,""longitude"":15.987980170399588}",33201.59762983594,43,50,118.19621144546382,21080.0078734269,17972.76853742401,125.311220218877,1684868174727,
a80a1f37670,1684868175088,"{""latitude"":56.92175750629735,""longitude"":16.370657714885617}","{""latitude"":60.04864768410136,""longitude"":13.679395010432213}",51385.770614857465,43,50,218.02525232663433,34064.69229277948,33709.70804540768,266.9246411524047,1684868911540,
d3f2779792f,1684868821843,"{""latitude"":56.181601361929474,""longitude"":14.503906380666066}","{""latitude"":57.480663280912886,""longitude"":12.967496430055672}",25217.765186080625,43,50,58.216431527553695,17009.24711689545,15915.711569575995,113.99316508800005,1684869073128,
d76f4de6142,1684868911620,"{""latitude"":57.7081597789837,""longitude"":16.485545771640876}","{""latitude"":57.59350778770556,""longitude"":14.024032837574238}",18834.66593414983,43,50,23.70899314377696,12908.150980565491,11809.582940301992,25.01671080314328,1684869077980,
acb2db08345,1684869073172,"{""latitude"":59.54265018346228,""longitude"":13.187177513708411}","{""latitude"":59.38444961897967,""longitude"":16.28709659819509}",27159.641847576648,43,50,,,,,,
543c8f8a4f5,1684869078014,"{""latitude"":56.92175750629735,""longitude"":16.370657714885617}","{""latitude"":60.04864768410136,""longitude"":13.679395010432213}",51385.770614857465,43,50,218.02525232663433,34064.69229277948,33709.70804540768,266.9246411524047,1684869784287,
291eb6df602,1684869784355,"{""latitude"":58.91008001556399,""longitude"":16.065094118243493}","{""latitude"":57.78968465585422,""longitude"":13.997192737154998}",29086.261132242667,43,50,69.8463878261108,12640.25062834071,11570.566036196236,102.8032333805802,1684870946932,
4fa33187e2f,1684870946974,"{""latitude"":58.36360983180355,""longitude"":12.933817438180151}","{""latitude"":56.527135904546896,""longitude"":16.132764830644007}",38138.8121774712,43,50,217.09789969710653,29681.27569110025,27899.587871984964,251.22888453948332,1684871556167,
a47cab21be3,1684871042021,"{""latitude"":57.82288534554208,""longitude"":13.817959918445172}","{""latitude"":59.73657407397333,""longitude"":15.589032705086453}",33274.85872101284,43,50,,,,,1684872086504,
e277d6a07c2,1684871556230,"{""latitude"":56.079481217151454,""longitude"":14.015444471705848}","{""latitude"":59.67055750995475,""longitude"":15.89580662920611}",64028.863750128934,43,50,,,,,,
d327d6a316e,1684872086558,"{""latitude"":55.88945029939731,""longitude"":13.116232343732213}","{""latitude"":59.66961014461116,""longitude"":15.295888654181006}",64499.73154204818,43,50,,,,,,
15f50343561,1684874521827,"{""latitude"":57.62727844459439,""longitude"":15.620814194277266}","{""latitude"":59.503903280422044,""longitude"":14.214688402464294}",35535.04801289013,43,50,125.59493950940518,22788.138923327002,21843.742338024844,133.0055167103922,1684875159834,
fe5c8d38a7e,1684874942073,"{""latitude"":56.46461030307072,""longitude"":14.564363090735048}","{""latitude"":59.14558777055633,""longitude"":17.18837153765103}",58526.78281031566,43,50,,,,,,
76a028f25dc,1684875159882,"{""latitude"":56.079481217151454,""longitude"":14.015444471705848}","{""latitude"":59.67055750995475,""longitude"":15.89580662920611}",64028.863750128934,43,50,,,,,,
d33a9b63495,1684877553522,"{""latitude"":56.46461030307072,""longitude"":14.564363090735048}","{""latitude"":59.14558777055633,""longitude"":17.18837153765103}",58526.78281031566,43,50,,,,,,
6de9836d071,1684877999958,"{""latitude"":56.647077378674176,""longitude"":14.260032217864802}","{""latitude"":56.44893497532506,""longitude"":14.960160578364999}",7414.053383150131,43,50,0.0,5144.2999999999965,5144.2999999999965,0.0,1684878001554,
d0711d97087,1684878001567,"{""latitude"":57.998326625841614,""longitude"":14.35915730948231}","{""latitude"":60.1520194071856,""longitude"":14.019987362414156}",39792.75197099203,43,50,,,,,,
e5502e17df1,1684879801583,"{""latitude"":58.23650545299916,""longitude"":12.453003428806893}","{""latitude"":59.43120092578072,""longitude"":11.897772104134411}",20152.63134449549,43,50,55.65210775293234,13893.99171294105,13893.99171294105,55.65210775293234,1684880031802,
90314b7b5f2,1684880031855,"{""latitude"":57.998326625841614,""longitude"":14.35915730948231}","{""latitude"":60.1520194071856,""longitude"":14.019987362414156}",39792.75197099203,43,50,,,,,,
75a4d6ccd8d,1684880041542,"{""latitude"":59.06820922090129,""longitude"":15.344328117558891}","{""latitude"":57.648189294119994,""longitude"":12.267387390327528}",32651.34668421607,43,50,109.58462403995917,19811.96759986593,19811.96759986593,109.58462403995917,1684880554642,
604adbab8b8,1684880554690,"{""latitude"":59.864232285678845,""longitude"":15.748910607189075}","{""latitude"":59.426026260509225,""longitude"":15.112773255560278}",8192.141254049475,43,50,0.0,5004.400000000007,5004.400000000007,0.0,1684880584192,
c30731d39c9,1684880584215,"{""latitude"":57.75527975293004,""longitude"":16.270250821687426}","{""latitude"":57.424527171284396,""longitude"":16.59851173477553}",6977.791247344941,43,50,0.0,5183.799999999997,5183.799999999997,0.0,1684880611168,
6e27183fbc6,1684880920297,"{""latitude"":56.308851377038515,""longitude"":13.674908562124898}","{""latitude"":58.50335660172929,""longitude"":11.808586565978992}",39237.50612750309,43,50,,,,,,
f4abb0a5a39,1684881902140,"{""latitude"":59.938471590740754,""longitude"":16.780758177665874}","{""latitude"":57.89193687406171,""longitude"":15.494248201386142}",36829.29058144871,43,50,115.59233062670988,21033.21950369852,19371.997001716816,144.48313570857644,1684882911927,
3cec7836f7f,1684882912008,"{""latitude"":59.03990790254395,""longitude"":18.006278138424623}","{""latitude"":55.98074387535753,""longitude"":14.133638204722354}",72440.6002913527,43,50,,,,,,
e28f067dc40,1684884062421,"{""latitude"":56.01216773427321,""longitude"":13.774207119329645}","{""latitude"":56.74647694444681,""longitude"":16.71108800136574}",30101.6755998928,43,50,78.56350446708623,16429.962163166383,16309.083601311006,100.87981069501879,1684884789318,
9b9493f964a,1684884789354,"{""latitude"":56.308851377038515,""longitude"":13.674908562124898}","{""latitude"":58.50335660172929,""longitude"":11.808586565978992}",39237.50612750309,43,50,,,,,,
78a0b4c28e8,1684886161672,"{""latitude"":59.938471590740754,""longitude"":16.780758177665874}","{""latitude"":57.89193687406171,""longitude"":15.494248201386142}",36829.29058144871,43,50,115.59233062670988,21033.21950369852,19371.997001716816,144.48313570857644,1684887212338,
6d73312125f,1684887212427,"{""latitude"":59.03990790254395,""longitude"":18.006278138424623}","{""latitude"":55.98074387535753,""longitude"":14.133638204722354}",72440.6002913527,43,50,,,,,,
140b65f00c5,1684887902089,"{""latitude"":59.10307911092061,""longitude"":13.575766054200873}","{""latitude"":59.838870532631326,""longitude"":16.362449751845958}",29245.13502958285,43,50,,,,,,
d19ebe99f05,1684889821891,"{""latitude"":59.33455962054921,""longitude"":16.922933203411816}","{""latitude"":59.00115458646446,""longitude"":15.882865095944341}",11671.49369925317,43,50,0.0,6874.600000000015,6874.600000000015,0.0,1684889951905,
627323a1b9d,1684889951932,"{""latitude"":59.10307911092061,""longitude"":13.575766054200873}","{""latitude"":59.838870532631326,""longitude"":16.362449751845958}",29245.13502958285,43,50,,,,,,
d50b352efb7,1684890301648,"{""latitude"":56.440974190201274,""longitude"":15.498389062409005}","{""latitude"":58.42622054073195,""longitude"":15.142257524258227}",27238.987446205905,43,50,105.04284885799616,17899.90950060758,17899.90950060758,105.04284885799616,1684890625162,
8ff35c7555b,1684890626907,"{""latitude"":59.85146951425629,""longitude"":15.656188850629794}","{""latitude"":57.17276227909007,""longitude"":15.610149366200247}",40502.33129733714,43,50,142.71141276152733,25908.60648173896,25128.999106862953,172.53880250818554,1684891431926,
17d57f61531,1684891431990,"{""latitude"":58.674160568296266,""longitude"":11.301747402889841}","{""latitude"":59.52131048802412,""longitude"":16.928288374842523}",49955.99209801477,43,50,,,,,1684892951935,
84a39eb9db6,1684892042302,"{""latitude"":59.03365491431201,""longitude"":14.40391641590293}","{""latitude"":58.65094403800741,""longitude"":13.679369129411853}",7597.154149345802,43,50,0.0,4581.4,4581.4,0.0,1684892161434,
65285b66263,1684892161448,"{""latitude"":58.086288656792455,""longitude"":12.797810117387819}","{""latitude"":59.53310322344125,""longitude"":14.909585964009123}",28813.43304103198,43,50,85.32917635626792,16547.806328074133,16361.36654800451,88.99392028184054,1684892708333,
8b689501fca,1684892708366,"{""latitude"":57.22161938045118,""longitude"":16.999603853550205}","{""latitude"":57.89792667154556,""longitude"":13.500589015406598}",38458.90913363847,43,50,152.66242806087274,29755.830383838445,28220.999614409397,202.99698799113455,1684893349375,
472d5139c09,1684892952000,"{""latitude"":59.85146951425629,""longitude"":15.656188850629794}","{""latitude"":57.17276227909007,""longitude"":15.610149366200247}",40502.33129733714,43,50,142.71141276152733,25908.60648173896,25128.999106862953,172.53880250818554,1684893708168,
69376eab254,1684893349429,"{""latitude"":57.888316337601765,""longitude"":11.782356474961581}","{""latitude"":57.23838492965647,""longitude"":12.505836803236072}",13058.87308247845,43,50,0.0,7137.9000000000115,7137.9000000000115,0.0,1684894322946,
0a739a33dbd,1684893708242,"{""latitude"":60.33428140814127,""longitude"":13.564602299374663}","{""latitude"":56.119283087852104,""longitude"":13.951361411210694}",64608.52367850391,43,50,319.1002679401024,37951.907247272975,,,,
0fbf2388986,1684894322990,"{""latitude"":59.14079366345149,""longitude"":12.650258969433422}","{""latitude"":59.345130921835434,""longitude"":14.55663785775567}",16911.349700567956,43,50,0.0,8071.1,8071.1,0.0,1684894916795,
b1274fd278a,1684894916826,"{""latitude"":57.888316337601765,""longitude"":11.782356474961581}","{""latitude"":57.23838492965647,""longitude"":12.505836803236072}",13058.87308247845,43,50,0.0,7137.9000000000115,7137.9000000000115,0.0,1684895869161,
fecbc051938,1684895869199,"{""latitude"":59.19389414502276,""longitude"":14.536069933297895}","{""latitude"":59.784605877284314,""longitude"":16.00261110365651}",18865.83852806961,43,50,0.0,9122.100000000039,9122.100000000039,0.0,1684896442496,
07dcf110f95,1684896442539,"{""latitude"":59.7307829815394,""longitude"":13.52579151224718}","{""latitude"":59.86371833738684,""longitude"":16.56718224839623}",35278.28421352915,43,50,104.70142327231846,18723.406035681204,,,,
0369b240c95,1684896902437,"{""latitude"":58.26547998083126,""longitude"":14.966128060364603}","{""latitude"":59.71693532202109,""longitude"":14.172951135714117}",25327.671932929105,43,50,53.746166481715115,13150.47063542212,12968.884277022107,89.46460572611197,1684897539754,
479b7e6ac4b,1684897539812,"{""latitude"":60.33428140814127,""longitude"":13.564602299374663}","{""latitude"":56.119283087852104,""longitude"":13.951361411210694}",64608.52367850391,43,50,319.1002679401024,37951.907247272975,,,,
6b67e3a80a0,1684898581997,"{""latitude"":57.81332407519287,""longitude"":15.128514667090446}","{""latitude"":56.841059603876204,""longitude"":15.833164081142463}",16295.879105457765,43,50,0.0,10025.200000000003,10025.200000000003,0.0,1684898702053,
54dfeef4724,1684898702098,"{""latitude"":59.7307829815394,""longitude"":13.52579151224718}","{""latitude"":59.86371833738684,""longitude"":16.56718224839623}",35278.28421352915,43,50,104.70142327231846,18723.406035681204,,,,
da4fb5fa10c,1684900861582,"{""latitude"":58.26547998083126,""longitude"":14.966128060364603}","{""latitude"":59.71693532202109,""longitude"":14.172951135714117}",25327.671932929105,43,50,53.746166481715115,13150.47063542212,12968.884277022107,89.46460572611197,1684901509375,
c76cd083573,1684901510072,"{""latitude"":59.21763139332773,""longitude"":12.45463553278949}","{""latitude"":57.55897408481059,""longitude"":13.129313023550433}",25836.064067611413,43,50,66.6583683890346,18746.76943012003,18255.096292546146,102.02384221318991,1684901722554,
fc2bab7a1fd,1684901702094,"{""latitude"":59.42008855044568,""longitude"":15.19199561254686}","{""latitude"":56.685737888030104,""longitude"":13.275929408387357}",48679.62423379855,43,50,,,,,,
4204d7230b6,1684901722610,"{""latitude"":55.81387519301071,""longitude"":13.129562810000202}","{""latitude"":59.90175479045647,""longitude"":17.33046360989217}",83660.83973867155,43,50,,,,,,
9e3e050682e,1684904341892,"{""latitude"":59.80840699268551,""longitude"":13.648664364569637}","{""latitude"":59.11149579382188,""longitude"":14.930883095049438}",15499.186635831586,43,50,0.0,9300.899999999998,9300.899999999998,0.0,1684904474816,
3cec8f2c9b1,1684904474845,"{""latitude"":59.42008855044568,""longitude"":15.19199561254686}","{""latitude"":56.685737888030104,""longitude"":13.275929408387357}",48679.62423379855,43,50,,,,,,
88a21be0363,1684905001857,"{""latitude"":57.563457799472516,""longitude"":16.28442330050762}","{""latitude"":57.726095610314616,""longitude"":11.815612744108192}",36944.30412371203,43,50,104.54477504799769,22054.761243810204,19807.961149259685,134.21756256561955,1684906520652,
fda6a5cefb2,1684906520751,"{""latitude"":55.81387519301071,""longitude"":13.129562810000202}","{""latitude"":59.90175479045647,""longitude"":17.33046360989217}",83660.83973867155,43,50,,,,,,
db77e2ab486,1684907282273,"{""latitude"":58.22950288707629,""longitude"":14.45716227047999}","{""latitude"":58.22168820258259,""longitude"":14.044667082809433}",15244.208244874511,43,50,0.0,8219.299999999996,8219.299999999996,0.0,1684907726205,
85ce5e13b11,1684907726227,"{""latitude"":60.221347242549044,""longitude"":18.13086369494531}","{""latitude"":59.025554977785376,""longitude"":12.204144591529907}",52372.838559049065,43,50,,,,,,
2cc05f3e3b0,1684909922406,"{""latitude"":56.388235752404064,""longitude"":13.028200165674626}","{""latitude"":58.427326973462975,""longitude"":15.729567135887347}",46550.82722041057,43,50,197.37662070643768,21750.369687893413,19424.06362652652,212.45807445930402,1684912141955,
4d217827ae2,1684910581877,"{""latitude"":57.473751716326014,""longitude"":14.189590676466816}","{""latitude"":59.52200558624307,""longitude"":14.727515234678394}",36433.466988355765,43,50,107.76813775755397,18454.480029195132,,,,
b0e1e61d1e2,1684912143239,"{""latitude"":60.173435223519846,""longitude"":13.647152351416837}","{""latitude"":60.21531200636267,""longitude"":12.995919489951072}",5767.206159712401,43,50,0.0,4344.999999999998,4344.999999999998,0.0,1684912192651,
6f17994d954,1684912192664,"{""latitude"":56.388235752404064,""longitude"":13.028200165674626}","{""latitude"":58.427326973462975,""longitude"":15.729567135887347}",46550.82722041057,43,50,197.37662070643768,21750.369687893413,19424.06362652652,212.45807445930402,1684914473476,
aee15149d08,1684918306726,"{""latitude"":60.52985783801774,""longitude"":13.24600860857241}","{""latitude"":60.01960068370564,""longitude"":13.31962290565854}",8383.284152862161,43,50,0.0,7454.900000000005,7454.900000000005,0.0,1684918428923,
15d057a18c2,1684918428955,"{""latitude"":59.717767011930505,""longitude"":14.791925628298412}","{""latitude"":60.10446809499555,""longitude"":13.659872983983858}",11208.373791449303,43,50,0.0,8071.499999999999,8071.499999999999,0.0,1684918498658,
7e5a028fc3a,1684918498677,"{""latitude"":56.86717120597889,""longitude"":14.055420272056661}","{""latitude"":58.578451873007,""longitude"":12.553035917351322}",34735.72076425936,43,50,144.41925763315965,20785.144944367843,19657.49170477522,144.43201168512633,1684919380611,
d57f3ffd0b2,1684919380661,"{""latitude"":57.59425071917626,""longitude"":15.75851076000803}","{""latitude"":58.78883453627275,""longitude"":12.878341555684447}",36689.8424480799,43,50,165.99935703265245,25789.074652351926,24491.117323111754,190.19649190879989,1684920444188,
33850e8ec8f,1684920444252,"{""latitude"":59.15921361981781,""longitude"":15.685076787215687}","{""latitude"":56.660235635754525,""longitude"":15.392758018418462}",37748.08475368158,43,50,187.04882117082371,26140.459580854793,24535.25535134286,210.23844829301422,1684922277024,
60d38952762,1684920544096,"{""latitude"":58.57439165848322,""longitude"":15.133615779123664}","{""latitude"":58.04344672770392,""longitude"":15.84332890139728}",9740.407735719045,43,50,0.0,5296.200000000008,5296.200000000008,0.0,1684921058575,
6130889bfc2,1684921058608,"{""latitude"":59.83687151782783,""longitude"":17.806314457925126}","{""latitude"":58.91054800441252,""longitude"":16.81723797301644}",17935.388176512985,43,50,0.0,10089.39999999998,10089.39999999998,0.0,1684925092994,
bf44310883b,1684922277073,"{""latitude"":59.34790593002504,""longitude"":17.194876561318374}","{""latitude"":58.58479914424328,""longitude"":14.19359705031248}",31178.483763761153,43,50,79.95882862738353,16077.79559146437,15265.070639475629,116.16945489220832,1684923855501,
76914ff6e78,1684923855770,"{""latitude"":56.46179535492542,""longitude"":14.843771852798797}","{""latitude"":58.69634730395872,""longitude"":15.852339148807701}",47365.76689378261,43,50,,,,,,
6ee7002e85d,1684925093054,"{""latitude"":58.33243706128435,""longitude"":13.432516522433504}","{""latitude"":56.48193217083844,""longitude"":14.465734226108756}",31100.3054962989,43,50,97.76354931498888,17572.130436652413,15947.625675019255,109.51045475119324,1684926130517,
c7452c3f135,1684926130562,"{""latitude"":58.16584327393447,""longitude"":15.661349008502972}","{""latitude"":58.715947917905496,""longitude"":14.233612903679017}",19130.71816574771,43,50,31.697521876139866,12926.439190332405,12926.439190332405,31.697521876139866,1684926839668,
96e2cbf0491,1684926839719,"{""latitude"":59.536007872291435,""longitude"":13.264754449869091}","{""latitude"":59.310789002972335,""longitude"":16.146756600135735}",25135.32733235792,43,50,,,,,,
071589c9622,1684927742129,"{""latitude"":59.34790593002504,""longitude"":17.194876561318374}","{""latitude"":58.58479914424328,""longitude"":14.19359705031248}",31178.483763761153,43,50,79.95882862738353,16077.79559146437,15265.070639475629,116.16945489220832,1684929386762,
2dc61d003a3,1684930142366,"{""latitude"":58.79821130895234,""longitude"":14.172764909273859}","{""latitude"":58.46572143142338,""longitude"":11.95937700235928}",19330.415701919545,43,50,31.62979333395489,13384.434635511965,12789.792720603775,43.440839865612965,1684930868090,
ed57554ea68,1684930868133,"{""latitude"":59.080518518519455,""longitude"":16.509528930414646}","{""latitude"":58.2711100732043,""longitude"":13.527425678404812}",26971.44859003387,43,50,73.44194302874132,17486.008285002314,17486.008285002314,73.44194302874132,1684931351541,
632b78c9733,1684931582228,"{""latitude"":57.9594999543844,""longitude"":14.058034877703115}","{""latitude"":58.905822257620535,""longitude"":16.248468276162797}",30284.51497142732,43,50,78.40602515927344,13652.437905453353,11642.041288071243,81.63799933300048,1684933940434,
d8cdda69b8a,1684931759191,"{""latitude"":56.90517377857064,""longitude"":15.192370131181665}","{""latitude"":59.28502886884634,""longitude"":12.193464132605115}",45144.648960598766,43,50,234.5598818457988,32833.559555632164,31548.885524308364,234.5726358977655,1684932840364,
645fec1d838,1684932840441,"{""latitude"":56.980680407538586,""longitude"":13.70691372474015}","{""latitude"":58.02590572015703,""longitude"":13.760909716073629}",21195.025111723342,43,50,38.147528169913656,10824.68284701055,10489.256005323987,38.15390519589702,1684933417138,
514d0a7ba3a,1684933417168,"{""latitude"":57.10799822962507,""longitude"":16.493468834335}","{""latitude"":58.58703049699357,""longitude"":11.833261173627431}",46138.742924783175,43,50,198.55545517263758,30353.49525300988,28019.296271281306,264.8921697476492,1684935244147,
0f392a89077,1684933940520,"{""latitude"":58.387973175338516,""longitude"":12.77619534010801}","{""latitude"":56.981621239875196,""longitude"":12.81209675696429}",27528.712201646962,43,50,,,,,,
24c317ff98d,1684935244232,"{""latitude"":57.822038429135155,""longitude"":13.013010139130277}","{""latitude"":59.847826933397876,""longitude"":18.871039282052006}",60735.343180058175,43,50,,,,,,
2421d28ba12,1684938181941,"{""latitude"":58.65932124273432,""longitude"":15.076449044153314}","{""latitude"":57.0631035750067,""longitude"":13.883889986818993}",29274.324276189054,43,50,82.83673888244664,12774.875635114988,12054.343184494775,120.40870031714034,1684939884316,
337addb98c0,1684939884349,"{""latitude"":59.574125577377494,""longitude"":13.23821824914712}","{""latitude"":58.35632390749062,""longitude"":12.587700263756936}",20024.53921047616,43,50,32.19691488523715,13923.844101083694,13360.562320905905,34.569829870206014,1684940326757,
8b9bd5b436a,1684940326799,"{""latitude"":59.071169161342496,""longitude"":16.285635421001256}","{""latitude"":57.12436561779244,""longitude"":13.418522851688392}",44590.584093558944,43,50,,,,,,
5526e570934,1684942142439,"{""latitude"":58.92620309695853,""longitude"":11.177665671790507}","{""latitude"":59.74152068840645,""longitude"":13.54084264909976}",26860.440632877624,43,50,75.74802800862126,18627.706514172656,17261.381041877627,108.5099497976518,1684942929828,
b8cadf2588c,1684942929883,"{""latitude"":57.822038429135155,""longitude"":13.013010139130277}","{""latitude"":59.847826933397876,""longitude"":18.871039282052006}",60735.343180058175,43,50,,,,,,
ea5dc82a82b,1684944122313,"{""latitude"":56.08208959918496,""longitude"":13.630535210276742}","{""latitude"":57.586001011427335,""longitude"":14.749856306101929}",25533.573125621402,43,50,55.51354380574682,14558.60379104191,14558.60379104191,55.51354380574682,1684945249773,
33b4f4230ef,1684945249810,"{""latitude"":59.071169161342496,""longitude"":16.285635421001256}","{""latitude"":57.12436561779244,""longitude"":13.418522851688392}",44590.584093558944,43,50,,,,,,
81ada44cc00,1684949222248,"{""latitude"":57.97534108242738,""longitude"":12.413509059036839}","{""latitude"":56.16246177889886,""longitude"":13.369528940764436}",31811.82226169225,43,50,,,,,,
ce433e19f32,1684950121845,"{""latitude"":55.961323934468076,""longitude"":13.49457582250025}","{""latitude"":56.396136627994224,""longitude"":14.495395367891334}",11013.6811391226,43,50,0.0,7584.199999999999,7584.199999999999,0.0,1684950299832,
8d2529f63f9,1684950299857,"{""latitude"":58.58560629071393,""longitude"":12.388651281762424}","{""latitude"":56.56248435428765,""longitude"":15.652179217868607}",40717.96496929336,43,50,281.7227789225229,35021.22884189006,31315.601633089413,315.17960432754364,1684951511227,
5e8f22643fb,1684951511291,"{""latitude"":57.74752575592794,""longitude"":16.330077071636236}","{""latitude"":55.43523408906351,""longitude"":14.145514063026573}",39386.89455602004,43,50,239.98899028984442,29029.102341992606,25915.241056704017,276.72106018914076,1684952240707,
d6d0569973c,1684952240779,"{""latitude"":57.78874040634859,""longitude"":14.215752483994843}","{""latitude"":59.14543258292607,""longitude"":15.582348823924868}",26705.67175481515,43,50,56.03466975884378,13548.520706110636,11803.211024259637,57.7086388243266,1684953418260,
10e780f83cb,1684953181893,"{""latitude"":55.73272687679321,""longitude"":13.830723352949667}","{""latitude"":59.393395754929934,""longitude"":17.081744990225452}",69967.250946582,43,50,,,,,,
f80120c6298,1684953418300,"{""latitude"":57.01898625186212,""longitude"":12.845149978601325}","{""latitude"":57.55304965633876,""longitude"":12.91219009900566}",7566.401009781165,43,50,0.0,5752.399999999995,5752.399999999995,0.0,1684953418913,
298e87b627e,1684953419359,"{""latitude"":59.486646695436974,""longitude"":16.540175786035782}","{""latitude"":58.99423649750086,""longitude"":11.758761569623664}",42665.22094043863,43,50,,,,,,
440a87e0e3f,1684957021631,"{""latitude"":57.78874040634859,""longitude"":14.215752483994843}","{""latitude"":59.14543258292607,""longitude"":15.582348823924868}",26705.67175481515,43,50,56.03466975884378,13548.520706110636,11803.211024259637,57.7086388243266,1684958110542,
0e761bba431,1684958102083,"{""latitude"":57.97534108242738,""longitude"":12.413509059036839}","{""latitude"":56.16246177889886,""longitude"":13.369528940764436}",31811.82226169225,43,50,,,,,,
e73583624b6,1684958110608,"{""latitude"":59.486646695436974,""longitude"":16.540175786035782}","{""latitude"":58.99423649750086,""longitude"":11.758761569623664}",42665.22094043863,43,50,,,,,,
f629e065b66,1684961822167,"{""latitude"":58.718665064181586,""longitude"":15.224774670941649}","{""latitude"":58.84227083406734,""longitude"":12.294740521909933}",33601.04158218041,43,50,,,,,,
75c47c7c5ce,1684962062172,"{""latitude"":55.73272687679321,""longitude"":13.830723352949667}","{""latitude"":59.393395754929934,""longitude"":17.081744990225452}",69967.250946582,43,50,,,,,,
7e07ae31759,1684964461632,"{""latitude"":60.08722360525519,""longitude"":18.310952716768515}","{""latitude"":57.52445302745892,""longitude"":11.947944565887136}",62644.26418200804,43,50,,,,,,
509abbf7cb4,1684966562380,"{""latitude"":59.876761409297536,""longitude"":16.0307859896884}","{""latitude"":57.57386467611863,""longitude"":14.732263190409778}",39239.35871409272,43,50,,,,,,
d3a74741741,1684969802248,"{""latitude"":58.718665064181586,""longitude"":15.224774670941649}","{""latitude"":58.84227083406734,""longitude"":12.294740521909933}",33601.04158218041,43,50,,,,,,
d7d850af413,1684970042489,"{""latitude"":56.789048924645385,""longitude"":14.454800520899445}","{""latitude"":58.88498268961824,""longitude"":15.307617641150683}",38342.94029703751,43,50,,,,,,
91105fd0416,1684972501683,"{""latitude"":59.876761409297536,""longitude"":16.0307859896884}","{""latitude"":57.57386467611863,""longitude"":14.732263190409778}",39239.35871409272,43,50,,,,,,
999af010cbe,1684972682294,"{""latitude"":60.08722360525519,""longitude"":18.310952716768515}","{""latitude"":57.52445302745892,""longitude"":11.947944565887136}",62644.26418200804,43,50,,,,,,
40c54aa09dd,1684975681729,"{""latitude"":56.789048924645385,""longitude"":14.454800520899445}","{""latitude"":58.88498268961824,""longitude"":15.307617641150683}",38342.94029703751,43,50,,,,,,
3294fc4c847,1684978022335,"{""latitude"":58.895940164524255,""longitude"":15.092697738093822}","{""latitude"":59.95584806666344,""longitude"":12.669111488118325}",28103.15150257597,43,50,66.17318799914462,15960.534019919387,,,,
d09b14d0e56,1684978081602,"{""latitude"":58.19706407571474,""longitude"":11.652692479545953}","{""latitude"":58.58652087273932,""longitude"":16.64398322493911}",50511.19228314067,43,50,,,,,,
969edffefb7,1684980961887,"{""latitude"":58.953745427678186,""longitude"":14.717649796831974}","{""latitude"":56.235012467188945,""longitude"":15.704090468644733}",38074.61534171693,43,50,152.91775419807917,26772.29833546038,25571.52646099648,168.18409791588252,1684982159871,
15a2aacd870,1684982159928,"{""latitude"":58.895940164524255,""longitude"":15.092697738093822}","{""latitude"":59.95584806666344,""longitude"":12.669111488118325}",28103.15150257597,43,50,66.17318799914462,15960.534019919387,,,,
c55d1ef3062,1684984022075,"{""latitude"":56.967230487212696,""longitude"":14.994315686193065}","{""latitude"":59.02133220678564,""longitude"":15.26009181602111}",29468.68279381423,43,50,84.0630521475443,19422.193397366784,18816.203687031877,84.22814253327346,1684984791779,
c093191a580,1684984791837,"{""latitude"":58.19706407571474,""longitude"":11.652692479545953}","{""latitude"":58.58652087273932,""longitude"":16.64398322493911}",50511.19228314067,43,50,,,,,,
ffbbf1d72f3,1684985102042,"{""latitude"":57.03386623951946,""longitude"":13.660643039844889}","{""latitude"":58.45120428314226,""longitude"":11.487033027413071}",32159.695543273225,43,50,,,,,,
ed20f8606af,1684989121847,"{""latitude"":58.20025554191403,""longitude"":16.526660150358484}","{""latitude"":57.95983045729015,""longitude"":13.35297392292616}",34531.48186475286,43,50,99.58366659483403,17485.525358718096,16069.715564285922,147.5147336277422,1684992010597,
fce72388876,1684990862474,"{""latitude"":57.54032195962,""longitude"":14.01958731986969}","{""latitude"":58.492329595363124,""longitude"":14.076034851280326}",14829.145704675007,43,50,0.0,8747.199999999992,8747.199999999992,0.0,1684991010020,
62919c66ff7,1684991010062,"{""latitude"":56.91250173268515,""longitude"":14.698582799361162}","{""latitude"":59.04537371713007,""longitude"":16.761699259804676}",47969.54676802228,43,50,,,,,,
7b4ce3f1499,1684992012170,"{""latitude"":57.03386623951946,""longitude"":13.660643039844889}","{""latitude"":58.45120428314226,""longitude"":11.487033027413071}",32159.695543273225,43,50,,,,,,
b113d02aa55,1684994942228,"{""latitude"":58.29751911500845,""longitude"":16.65757035848339}","{""latitude"":57.15148537775361,""longitude"":15.258663654271112}",19977.467698930333,43,50,41.797557003065606,13819.523316168574,13819.523316168574,41.797557003065606,1684995164993,
51111402687,1684995165034,"{""latitude"":56.91250173268515,""longitude"":14.698582799361162}","{""latitude"":59.04537371713007,""longitude"":16.761699259804676}",47969.54676802228,43,50,,,,,,
762cfbe9ace,1684996562544,"{""latitude"":58.20025554191403,""longitude"":16.526660150358484}","{""latitude"":57.95983045729015,""longitude"":13.35297392292616}",34531.48186475286,43,50,99.58366659483403,17485.525358718096,16069.715564285922,147.5147336277422,1684999321013,
496e960acc1,1684999322500,"{""latitude"":57.59202478129049,""longitude"":14.113724406237223}","{""latitude"":56.75066603933689,""longitude"":14.381167107397772}",14038.03913723655,43,50,0.0,7039.799999999988,7039.799999999988,0.0,1684999713762,
31ce9d121c8,1685028072679,"{""latitude"":59.570507810340864,""longitude"":16.88457415837978}","{""latitude"":59.1008781550767,""longitude"":12.480606029556846}",37057.627709533146,43,50,,,,,,
53a716ad952,1685028373246,"{""latitude"":57.76777120613942,""longitude"":13.333138060995658}","{""latitude"":58.30768580017959,""longitude"":14.540433147127965}",16095.12393884374,43,50,0.0,7203.5,7203.5,0.0,1685029258002,
778f4397834,1685029258025,"{""latitude"":56.15910094008209,""longitude"":14.110115319610617}","{""latitude"":59.66071429769435,""longitude"":18.14141407471061}",74003.30198336903,43,50,,,,,,
fcc5bb833a6,1685086786088,"{""latitude"":57.36646499954028,""longitude"":16.300189989039428}","{""latitude"":59.320428615119724,""longitude"":16.023730049608826}",32513.296580213257,43,50,130.0569589785253,19317.69532003456,19106.36368102539,132.94068527947408,1685087369166,
fb92f4319b8,1685086837179,"{""latitude"":58.109317019690515,""longitude"":16.531616357939342}","{""latitude"":59.306143331519635,""longitude"":14.839536176514663}",22275.840718974283,43,50,29.73997831067646,13780.241655621663,13780.241655621663,29.73997831067646,1685087622334,
b5aa6229afc,1685087369217,"{""latitude"":56.15910094008209,""longitude"":14.110115319610617}","{""latitude"":59.66071429769435,""longitude"":18.14141407471061}",74003.30198336903,43,50,,,,,,
afe8fef08dc,1685087622378,"{""latitude"":59.570507810340864,""longitude"":16.88457415837978}","{""latitude"":59.1008781550767,""longitude"":12.480606029556846}",37057.627709533146,43,50,,,,,,
1ffb16178b9,1685091790635,"{""latitude"":57.60452475329334,""longitude"":15.001979325849392}","{""latitude"":58.657268955262936,""longitude"":11.57275712115536}",32348.937514210575,43,50,126.16382012176828,21824.82340181026,19551.14375684024,154.92339984828894,1685093298179,
30acd0a5cb5,1685093298235,"{""latitude"":56.90547624205877,""longitude"":16.839704053410205}","{""latitude"":59.42407351911663,""longitude"":12.499262982762966}",64315.25010122826,43,50,,,,,,
7d5420c227c,1685095081499,"{""latitude"":56.171843618802825,""longitude"":15.862131390177861}","{""latitude"":57.426271036739635,""longitude"":13.595935388095693}",25836.104527184325,43,50,77.23668068950809,17174.31296826426,15684.655179316658,129.55504849056368,1685096162967,
25b6fcaf547,1685096163022,"{""latitude"":59.72571806332489,""longitude"":14.304837955452355}","{""latitude"":58.151269663432096,""longitude"":13.551885355063744}",21654.32255042832,43,50,32.801847888985755,14496.788118717677,14281.361428421413,61.54457136856337,1685096904869,
4ea9325bb07,1685096904898,"{""latitude"":59.6668313000621,""longitude"":16.17365098152232}","{""latitude"":58.138192608771746,""longitude"":16.543126699674357}",22512.725628609016,43,50,37.900799546259755,12935.322636959107,12699.967879762804,38.31351068161594,1685097634356,
6b99a8edb69,1685097062280,"{""latitude"":59.93488173251644,""longitude"":13.915347090281257}","{""latitude"":56.73446473589049,""longitude"":16.31614476292185}",51990.84421664218,43,50,230.13786165308446,34514.62407411417,33202.08373434453,263.11419702706195,1685098929244,
f80ff12cd26,1685097635147,"{""latitude"":56.1977648969806,""longitude"":15.00179008346559}","{""latitude"":60.64674792410038,""longitude"":12.86165605765325}",68416.94740728066,43,50,,,,,,
da47deaeaa3,1685098929342,"{""latitude"":56.90547624205877,""longitude"":16.839704053410205}","{""latitude"":59.42407351911663,""longitude"":12.499262982762966}",64315.25010122826,43,50,,,,,,
cb982d557aa,1685100002019,"{""latitude"":58.92366096537642,""longitude"":16.06249322607156}","{""latitude"":57.47714208716891,""longitude"":15.989159097929678}",24497.96667629831,43,50,46.8294343128816,13881.23484891995,13881.23484891995,46.8294343128816,1685101107565,
a7659f1ea2c,1685101107600,"{""latitude"":56.1977648969806,""longitude"":15.00179008346559}","{""latitude"":60.64674792410038,""longitude"":12.86165605765325}",68416.94740728066,43,50,,,,,,
8c7f6354f08,1685103062352,"{""latitude"":59.93488173251644,""longitude"":13.915347090281257}","{""latitude"":56.73446473589049,""longitude"":16.31614476292185}",51990.84421664218,43,50,230.13786165308446,34514.62407411417,33202.08373434453,263.11419702706195,1685104896003,
934d4d47a03,1685103721651,"{""latitude"":56.65562318302232,""longitude"":15.08781081601339}","{""latitude"":56.83923771984071,""longitude"":15.198014085388078}",3994.521629777947,43,50,0.0,3036.800000000003,3036.800000000003,0.0,1685103753578,
698789fb025,1685103753591,"{""latitude"":57.09401134081839,""longitude"":15.948432224063238}","{""latitude"":58.70851609346238,""longitude"":12.551536173467113}",37810.049183266005,43,50,156.55082146233835,27268.890865939353,25731.77153413143,164.62126835425644,1685104880159,
9974ddc0371,1685104880220,"{""latitude"":59.52443451575023,""longitude"":13.203313148253251}","{""latitude"":59.26716240631849,""longitude"":15.731904588431401}",21450.408465049615,43,50,23.024322981566463,10720.980471301453,,,,
78448bc668d,1685104896088,"{""latitude"":57.1903422824856,""longitude"":13.547079734361056}","{""latitude"":59.79385614889132,""longitude"":13.375790358525288}",40353.349229370295,43,50,166.6252434621459,26676.034186915436,25396.61382923749,247.97810950012945,1685107070269,
bdc7c8409c7,1685107070356,"{""latitude"":58.26552748812031,""longitude"":13.312763851111544}","{""latitude"":57.96108129899137,""longitude"":16.312796786209326}",35481.869558491526,43,50,106.23824066564757,19515.966456239985,,,,
282dcfd40a0,1685108041490,"{""latitude"":58.68130862600846,""longitude"":15.363990855947591}","{""latitude"":55.90126911351679,""longitude"":14.058612541145294}",49857.946209148504,43,50,206.05384415715855,24475.323349656122,,,,
b126dbc1b00,1685110381670,"{""latitude"":57.1903422824856,""longitude"":13.547079734361056}","{""latitude"":59.79385614889132,""longitude"":13.375790358525288}",40353.349229370295,43,50,166.6252434621459,26676.034186915436,25396.61382923749,247.97810950012945,1685112534524,
ad5015ae1b2,1685110702061,"{""latitude"":59.87235590002056,""longitude"":13.672752099136453}","{""latitude"":57.450460820384905,""longitude"":14.47370618607492}",36619.18852116685,43,50,124.22831340684561,23940.611946834557,23669.600790873188,172.77570227543694,1685111603838,
dced96790c5,1685110706175,"{""latitude"":58.638250392178705,""longitude"":12.954144717879688}","{""latitude"":60.32650329623969,""longitude"":18.16113946000108}",49163.866138264544,43,50,,,,,,
809537b8735,1685110719363,"{""latitude"":56.799135181957574,""longitude"":14.378814547795038}","{""latitude"":59.101658735779246,""longitude"":12.939439691331605}",45824.07019544459,43,50,206.59617867388286,28622.893125159877,26924.767955017058,239.66767689568303,1685112989242,
599df85184e,1685111453781,"{""latitude"":59.52443451575023,""longitude"":13.203313148253251}","{""latitude"":59.26716240631849,""longitude"":15.731904588431401}",21450.408465049615,43,50,23.024322981566463,10720.980471301453,,,,
0f082d9420d,1685111603896,"{""latitude"":58.2514098991152,""longitude"":14.366614619838256}","{""latitude"":56.91577198255833,""longitude"":14.208149408386102}",20465.769837450644,43,50,22.036873107233554,11057.90516686583,11057.90516686583,22.036873107233554,1685112132192,
c0701c54232,1685112132926,"{""latitude"":56.991707822332764,""longitude"":13.27157900555635}","{""latitude"":57.03993401253289,""longitude"":14.030154692930306}",9371.709863852666,43,50,0.0,5291.700000000005,5291.700000000005,0.0,1685112594436,
f3799d98b55,1685112534687,"{""latitude"":58.26552748812031,""longitude"":13.312763851111544}","{""latitude"":57.96108129899137,""longitude"":16.312796786209326}",35481.869558491526,43,50,106.23824066564757,19515.966456239985,,,,
73865634dcb,1685112595104,"{""latitude"":57.27264666067875,""longitude"":14.97952714567197}","{""latitude"":56.442524422860416,""longitude"":14.749757934444418}",13813.078516478896,43,50,0.0,8393.999999999987,8393.999999999987,0.0,1685112869314,
35037688129,1685112869344,"{""latitude"":56.073736460838305,""longitude"":14.409185269432315}","{""latitude"":57.37474502108272,""longitude"":14.516943658682072}",20715.9504593678,43,50,95.63667730377213,18835.56075255435,17345.16997178673,102.50873236889332,1685114080113,
9b522ef7066,1685112991617,"{""latitude"":58.66493932502083,""longitude"":11.448903906520759}","{""latitude"":59.041579339808216,""longitude"":16.69306756662843}",42750.674643430524,43,50,184.35760192250555,28157.33476493433,26981.351626147472,225.68880724757383,1685114323059,
d84ef15d2e1,1685114080143,"{""latitude"":58.79611393036122,""longitude"":11.959011804262648}","{""latitude"":56.676842685737874,""longitude"":12.758586744773762}",33708.09197207128,43,50,,,,,,
6895f076cd9,1685114323150,"{""latitude"":56.799135181957574,""longitude"":14.378814547795038}","{""latitude"":59.101658735779246,""longitude"":12.939439691331605}",45824.07019544459,43,50,206.59617867388286,28622.893125159877,26924.767955017058,239.66767689568303,1685116621570,
c0f3a6f476a,1685114462113,"{""latitude"":57.25068636446074,""longitude"":12.42814656712223}","{""latitude"":59.06576591656169,""longitude"":12.135323126117541}",27694.743061778605,43,50,,,,,,
40251a2dc01,1685114522146,"{""latitude"":58.68130862600846,""longitude"":15.363990855947591}","{""latitude"":55.90126911351679,""longitude"":14.058612541145294}",49857.946209148504,43,50,206.05384415715855,24475.323349656122,,,,
ed71175ad1b,1685116021530,"{""latitude"":60.15307984305917,""longitude"":16.570697775906265}","{""latitude"":56.61160661195246,""longitude"":15.753750083338307}",57011.99722472835,43,50,294.1346252562255,37273.101063925686,,,,
ce6feda1dff,1685116623790,"{""latitude"":59.506802965587276,""longitude"":13.621723247160174}","{""latitude"":56.86862704298669,""longitude"":15.56705995014489}",48334.236992752354,43,50,,,,,,
901a46fae66,1685117702307,"{""latitude"":58.4948961905085,""longitude"":15.933181479568702}","{""latitude"":58.53150705900772,""longitude"":15.746721254265697}",2013.4899237915888,43,50,0.0,2122.400000000002,2122.400000000002,0.0,1685117763938,
3f970971aea,1685117763950,"{""latitude"":58.82291575574128,""longitude"":12.912072278897305}","{""latitude"":60.05832664201244,""longitude"":13.110490506438806}",17335.315871129926,43,50,0.0,10788.999999999978,10788.999999999978,0.0,1685118111064,
a804ad80740,1685117881933,"{""latitude"":58.638250392178705,""longitude"":12.954144717879688}","{""latitude"":60.32650329623969,""longitude"":18.16113946000108}",49163.866138264544,43,50,,,,,,
794cf2be272,1685118111091,"{""latitude"":58.68138129875017,""longitude"":11.635414845766055}","{""latitude"":59.16840564137456,""longitude"":17.245206054807134}",50758.95168095966,43,50,,,,,,
7089dffd3f3,1685118421951,"{""latitude"":57.67690572384936,""longitude"":12.950238543912391}","{""latitude"":55.70442904222757,""longitude"":14.04732791314769}",35145.37201454388,43,50,112.68274788977322,19648.132712665585,16963.388318645717,120.13674536370009,1685119984328,
4f8328b7ff9,1685119441922,"{""latitude"":59.35606510806749,""longitude"":13.026777421997721}","{""latitude"":55.890284258888485,""longitude"":13.253511410530276}",59164.67664812487,43,50,,,,,,
9121877d50f,1685119922917,"{""latitude"":57.69676724863255,""longitude"":16.32261194039016}","{""latitude"":57.46620374871523,""longitude"":15.43635512666927}",7739.967752693443,43,50,0.0,5480.0,5480.0,0.0,1685120071251,
7529ba5a249,1685119984391,"{""latitude"":58.79611393036122,""longitude"":11.959011804262648}","{""latitude"":56.676842685737874,""longitude"":12.758586744773762}",33708.09197207128,43,50,,,,,,
7340b7cb27f,1685120071265,"{""latitude"":60.15307984305917,""longitude"":16.570697775906265}","{""latitude"":56.61160661195246,""longitude"":15.753750083338307}",57011.99722472835,43,50,294.1346252562255,37273.101063925686,,,,
bd4cb38bed7,1685121482176,"{""latitude"":57.25068636446074,""longitude"":12.42814656712223}","{""latitude"":59.06576591656169,""longitude"":12.135323126117541}",27694.743061778605,43,50,,,,,,
cc3de8a8f57,1685121541842,"{""latitude"":60.100344948444175,""longitude"":16.437270245422944}","{""latitude"":58.971142306941914,""longitude"":13.095496112546197}",40829.84727927802,43,50,,,,,,
833c9ec90b7,1685123222488,"{""latitude"":59.518340727805466,""longitude"":15.679088850851082}","{""latitude"":55.44180413670491,""longitude"":14.14205406653389}",69681.13865973307,43,50,,,,,,
c77962f5ac2,1685124541775,"{""latitude"":59.947674956885905,""longitude"":15.123067137689091}","{""latitude"":59.52479721827113,""longitude"":17.65257859138794}",21230.747727810318,43,50,43.8445352061528,12447.71453830818,11607.209569049379,88.1899244477182,1685125341422,
53567bcb00a,1685124902262,"{""latitude"":57.667361127482295,""longitude"":13.470074898503894}","{""latitude"":58.93518491399954,""longitude"":13.570576165606457}",18054.52547999813,43,50,38.42087398072677,12157.133542313575,12157.133542313575,38.42087398072677,1685125363185,
10fa51e3238,1685125141562,"{""latitude"":58.68138129875017,""longitude"":11.635414845766055}","{""latitude"":59.16840564137456,""longitude"":17.245206054807134}",50758.95168095966,43,50,,,,,,
fe7dce3a3bf,1685125262794,"{""latitude"":59.506802965587276,""longitude"":13.621723247160174}","{""latitude"":56.86862704298669,""longitude"":15.56705995014489}",48334.236992752354,43,50,,,,,,
d76acc9e45a,1685125341475,"{""latitude"":58.99589820662555,""longitude"":17.360608311407233}","{""latitude"":55.4916349924089,""longitude"":14.275522579596064}",71377.12828724724,43,50,,,,,,
a38ea2f8880,1685125363913,"{""latitude"":60.03915427159126,""longitude"":17.011673984352363}","{""latitude"":59.627437962312676,""longitude"":15.464694416784967}",16767.896908099843,43,50,0.0,9928.400000000032,9928.400000000032,0.0,1685125389734,
f2081ad1d44,1685125389772,"{""latitude"":59.45348652016227,""longitude"":14.728305018929303}","{""latitude"":59.517937254244124,""longitude"":18.211358394116925}",31402.974173741066,43,50,83.91285987149143,15351.928667178923,13869.10016855408,88.46861304218808,1685128538259,
b842a32f73d,1685127482082,"{""latitude"":58.721480306386056,""longitude"":16.556076774409227}","{""latitude"":57.75239280734066,""longitude"":16.627638676446942}",17328.745887535257,43,50,0.0,8774.099999999984,8774.099999999984,0.0,1685128140675,
a274fc3bbaa,1685127902156,"{""latitude"":59.35606510806749,""longitude"":13.026777421997721}","{""latitude"":55.890284258888485,""longitude"":13.253511410530276}",59164.67664812487,43,50,,,,,,
39eee07745b,1685128140704,"{""latitude"":59.518340727805466,""longitude"":15.679088850851082}","{""latitude"":55.44180413670491,""longitude"":14.14205406653389}",69681.13865973307,43,50,,,,,,
47e4eec176d,1685128502140,"{""latitude"":60.100344948444175,""longitude"":16.437270245422944}","{""latitude"":58.971142306941914,""longitude"":13.095496112546197}",40829.84727927802,43,50,,,,,,
7ac972ba807,1685128538954,"{""latitude"":57.691899654819835,""longitude"":12.915983412038436}","{""latitude"":57.46358588292867,""longitude"":12.236333553743624}",6781.687676747152,43,50,0.0,4065.6000000000004,4065.6000000000004,0.0,1685128608410,
a19ba29fa35,1685128608435,"{""latitude"":59.45348652016227,""longitude"":14.728305018929303}","{""latitude"":59.517937254244124,""longitude"":18.211358394116925}",31402.974173741066,43,50,83.91285987149143,15351.928667178923,13869.10016855408,88.46861304218808,1685132126971,
c4b9da79ddf,1685130241934,"{""latitude"":59.23740748501094,""longitude"":16.476960245157045}","{""latitude"":57.800654952161665,""longitude"":13.745994238298026}",35950.31455314963,43,50,127.72770113733446,18815.87597249248,16641.915240762733,134.10050851782944,1685133085911,
0d30f5b1f9f,1685131981624,"{""latitude"":57.294268872500446,""longitude"":15.562829547714959}","{""latitude"":59.942523097663916,""longitude"":17.93597658525865}",51206.48149626647,43,50,172.8226557755167,29859.26433785524,,,,
830515fdcfd,1685132127054,"{""latitude"":56.27879833327466,""longitude"":12.838603091170066}","{""latitude"":58.430411986027714,""longitude"":15.926162823678382}",50004.10501116399,43,50,,,,,,
371d8c196d7,1685132761639,"{""latitude"":59.39873073052073,""longitude"":12.308939491997583}","{""latitude"":58.979974702353864,""longitude"":16.328312015296696}",31994.499669082546,43,50,,,,,,
63d11320ecb,1685133086029,"{""latitude"":58.99589820662555,""longitude"":17.360608311407233}","{""latitude"":55.4916349924089,""longitude"":14.275522579596064}",71377.12828724724,43,50,,,,,,
86220463fe2,1685133722981,"{""latitude"":56.964438038039546,""longitude"":14.539032655089777}","{""latitude"":60.14138506946486,""longitude"":13.71587612020732}",45595.113942376534,43,50,228.4081071016796,30079.279179907593,28468.619059835135,278.0449735370946,1685134980080,
aa5d22262e7,1685134980159,"{""latitude"":57.71713152935765,""longitude"":14.549697912363012}","{""latitude"":59.64270769120998,""longitude"":15.024686379219768}",34938.59321769728,43,50,96.62883268468443,17680.84173894815,16133.174934886802,118.9150144019846,1685137834478,
ed218d23ac4,1685135522529,"{""latitude"":60.27798530517961,""longitude"":13.109499525390815}","{""latitude"":59.90993621349289,""longitude"":12.914367572952628}",5549.230182601663,43,50,0.0,4213.5,4213.5,0.0,1685135619828,
fe53efded4d,1685135619842,"{""latitude"":59.39873073052073,""longitude"":12.308939491997583}","{""latitude"":58.979974702353864,""longitude"":16.328312015296696}",31994.499669082546,43,50,,,,,,
86a8d51bda2,1685136422331,"{""latitude"":59.40063658153695,""longitude"":14.780798052835134}","{""latitude"":60.055451431695346,""longitude"":18.692778334055124}",33432.19376943531,43,50,96.758536792059,19101.83658867299,,,,
e948d702d59,1685137837200,"{""latitude"":60.584548639539115,""longitude"":17.468471884119005}","{""latitude"":56.302544390400165,""longitude"":13.980537451691248}",87259.95331836387,43,50,,,,,,
9f0d07ecc8b,1685137982305,"{""latitude"":59.23740748501094,""longitude"":16.476960245157045}","{""latitude"":57.800654952161665,""longitude"":13.745994238298026}",35950.31455314963,43,50,127.72770113733446,18815.87597249248,16641.915240762733,134.10050851782944,1685141005184,
d182b7d3761,1685138581591,"{""latitude"":58.31777578822775,""longitude"":15.774154214661294}","{""latitude"":59.11180915766729,""longitude"":14.602637072793627}",15997.330819074985,43,50,0.0,9421.799999999985,9421.799999999985,0.0,1685139314591,
acb62894f42,1685139061629,"{""latitude"":58.119680994180925,""longitude"":15.325696279809108}","{""latitude"":57.89946832954326,""longitude"":15.063720439129863}",6950.3878806205375,43,50,0.0,5055.400000000015,5055.400000000015,0.0,1685139062679,
4f427dda682,1685139062703,"{""latitude"":59.604687156105854,""longitude"":17.78373857966408}","{""latitude"":56.53602093871575,""longitude"":14.561214187744966}",67271.73987268975,43,50,,,,,,
40a2ec3baf1,1685139314624,"{""latitude"":56.59310136502211,""longitude"":14.892055353867747}","{""latitude"":58.66183150300249,""longitude"":12.147241218472447}",41646.649948082326,43,50,,,,,1685142729072,
ea6d1290be3,1685140442105,"{""latitude"":56.27879833327466,""longitude"":12.838603091170066}","{""latitude"":58.430411986027714,""longitude"":15.926162823678382}",50004.10501116399,43,50,,,,,,
fc162ca457e,1685141005288,"{""latitude"":60.062286465973976,""longitude"":16.14795448839479}","{""latitude"":57.17868674448837,""longitude"":14.405322825333993}",51962.03247156963,43,50,,,,,,
18a5b410656,1685142729136,"{""latitude"":60.66656583105208,""longitude"":12.575370745459956}","{""latitude"":57.15208924913239,""longitude"":12.785341467059002}",54425.882240090024,43,50,,,,,,
c482cf322a9,1685144641662,"{""latitude"":59.40063658153695,""longitude"":14.780798052835134}","{""latitude"":60.055451431695346,""longitude"":18.692778334055124}",33432.19376943531,43,50,96.758536792059,19101.83658867299,,,,
b51001172fd,1685145001823,"{""latitude"":57.62341098110528,""longitude"":14.922427705040803}","{""latitude"":58.33589941320827,""longitude"":16.50557808606414}",18392.302146490874,43,50,25.475801239850423,11158.620015998067,11158.620015998067,25.475801239850423,1685145320774,
1a2897dce6f,1685145320834,"{""latitude"":60.062286465973976,""longitude"":16.14795448839479}","{""latitude"":57.17868674448837,""longitude"":14.405322825333993}",51962.03247156963,43,50,,,,,,
df7c5bde8ee,1685146501947,"{""latitude"":57.294268872500446,""longitude"":15.562829547714959}","{""latitude"":59.942523097663916,""longitude"":17.93597658525865}",51206.48149626647,43,50,172.8226557755167,29859.26433785524,,,,
149287ba0e9,1685146741971,"{""latitude"":57.71713152935765,""longitude"":14.549697912363012}","{""latitude"":59.64270769120998,""longitude"":15.024686379219768}",34938.59321769728,43,50,96.62883268468443,17680.84173894815,16133.174934886802,118.9150144019846,1685149367491,
be8e5f4fcfe,1685147221678,"{""latitude"":57.37611580216845,""longitude"":12.500736894083891}","{""latitude"":59.94713762457541,""longitude"":12.481644738196898}",37394.455562564304,43,50,,,,,,
2c268d6c5b8,1685148661606,"{""latitude"":56.779146293510216,""longitude"":16.08365615348079}","{""latitude"":58.253274841240305,""longitude"":13.029617335045216}",32130.04935842136,43,50,123.8705310094721,21823.39918428195,20234.127889256833,137.27409134520047,1685149586757,
60047549ba4,1685149201896,"{""latitude"":60.40185659880718,""longitude"":17.381196525979806}","{""latitude"":57.17799154931782,""longitude"":15.730375646443667}",60006.31200610007,43,50,,,,,,
c73d1525582,1685149367717,"{""latitude"":60.584548639539115,""longitude"":17.468471884119005}","{""latitude"":56.302544390400165,""longitude"":13.980537451691248}",87259.95331836387,43,50,,,,,,
27830554c01,1685149586806,"{""latitude"":57.71489456169419,""longitude"":12.738376355746471}","{""latitude"":60.76657005285488,""longitude"":12.524633053278452}",43344.4313984467,43,50,177.71376422720266,33627.0532944819,32169.212163617973,240.45144123204352,1685150664215,
fb5c2e3eea4,1685150641789,"{""latitude"":60.66656583105208,""longitude"":12.575370745459956}","{""latitude"":57.15208924913239,""longitude"":12.785341467059002}",54425.882240090024,43,50,,,,,,
3df77efda19,1685150664301,"{""latitude"":59.582486767715395,""longitude"":12.369277226927812}","{""latitude"":57.348321175392265,""longitude"":13.705846286532214}",42914.00871384182,43,50,,,,,,
f1d120fb37c,1685153401716,"{""latitude"":57.71489456169419,""longitude"":12.738376355746471}","{""latitude"":60.76657005285488,""longitude"":12.524633053278452}",43344.4313984467,43,50,177.71376422720266,33627.0532944819,32169.212163617973,240.45144123204352,1685154371214,
90983c59cd4,1685153462402,"{""latitude"":59.604687156105854,""longitude"":17.78373857966408}","{""latitude"":56.53602093871575,""longitude"":14.561214187744966}",67271.73987268975,43,50,,,,,,
07fa803c4f1,1685154371288,"{""latitude"":59.582486767715395,""longitude"":12.369277226927812}","{""latitude"":57.348321175392265,""longitude"":13.705846286532214}",42914.00871384182,43,50,,,,,,
e20100e1b6c,1685155142196,"{""latitude"":57.37611580216845,""longitude"":12.500736894083891}","{""latitude"":59.94713762457541,""longitude"":12.481644738196898}",37394.455562564304,43,50,,,,,,
ae1018dcbf2,1685156161641,"{""latitude"":56.59695997050567,""longitude"":16.44497072927133}","{""latitude"":58.32481188240806,""longitude"":15.419926416335796}",27067.627679454643,43,50,68.3651495064989,18592.625568279058,18275.731988719992,117.1973991539981,1685156886753,
aed3b5536a7,1685156886806,"{""latitude"":60.40185659880718,""longitude"":17.381196525979806}","{""latitude"":57.17799154931782,""longitude"":15.730375646443667}",60006.31200610007,43,50,,,,,,
e7edddf1808,1685156942022,"{""latitude"":59.93487504616871,""longitude"":14.039641447510352}","{""latitude"":57.422145814849706,""longitude"":13.34245597724576}",34307.64665439626,43,50,120.70792553209392,25602.41053638097,25415.709787462307,147.313252573417,1685157713882,
21fa4315bf8,1685157713931,"{""latitude"":59.23760457545041,""longitude"":18.258623820312135}","{""latitude"":58.95105162247,""longitude"":13.635149800840617}",40516.828934611774,43,50,,,,,,
2e2672ff4c8,1685158381740,"{""latitude"":59.57240130666167,""longitude"":12.919639149330493}","{""latitude"":58.066462320310556,""longitude"":14.970768298150766}",36063.99702155529,43,50,,,,,,
f996741c723,1685158742273,"{""latitude"":58.79807649211569,""longitude"":16.97180003965424}","{""latitude"":57.88123864540306,""longitude"":15.65252262731265}",21541.785998351523,43,50,19.347665064652613,9608.889785127105,9563.895215209308,21.42062917872254,1685160030330,
f06ff55239f,1685160030364,"{""latitude"":58.79216495807037,""longitude"":17.316412733343903}","{""latitude"":59.24405089573508,""longitude"":16.586111597340498}",9078.221099182665,43,50,0.0,6140.700000000018,6140.700000000018,0.0,1685160206054,
289b2693121,1685160206072,"{""latitude"":58.06051436382238,""longitude"":15.68565071589465}","{""latitude"":59.071432941670885,""longitude"":16.50373770286287}",19845.566208097265,43,50,13.300927578483554,9602.824871980418,9602.824871980418,13.300927578483554,1685161314151,
5dc609edf1f,1685160901688,"{""latitude"":59.34368796730657,""longitude"":13.224928621689791}","{""latitude"":58.66635010076049,""longitude"":12.906077140574833}",22539.837638563014,43,50,41.91666031630072,15702.82456159243,,,,
c0681666368,1685161314182,"{""latitude"":59.229482886119364,""longitude"":15.651582663432258}","{""latitude"":56.786863630988975,""longitude"":16.606431533129246}",41733.59764860014,43,50,,,,,1685162631827,
6034d4339a4,1685161622697,"{""latitude"":58.04961472974496,""longitude"":14.114332091527091}","{""latitude"":59.70728857030091,""longitude"":14.553604938905954}",24956.02430781667,43,50,52.49960793882418,15679.70766523212,15610.703006866555,74.84120274660972,1685162027894,
c1b29e3c6be,1685162027948,"{""latitude"":59.57240130666167,""longitude"":12.919639149330493}","{""latitude"":58.066462320310556,""longitude"":14.970768298150766}",36063.99702155529,43,50,,,,,,
df5e36d129d,1685162631882,"{""latitude"":58.09853096980134,""longitude"":11.963124119741915}","{""latitude"":59.07941982658236,""longitude"":15.788641818662558}",30665.519166454855,43,50,97.0263025883609,20041.957752459217,20041.957752459217,97.0263025883609,1685163454931,
f29d0c8f660,1685163303324,"{""latitude"":59.65520353807403,""longitude"":18.088418770889675}","{""latitude"":56.82620513277394,""longitude"":15.649245256968003}",57165.06903629899,43,50,,,,,,
f1703cb3431,1685163362181,"{""latitude"":60.223813800085864,""longitude"":18.15935823165254}","{""latitude"":56.232706794920254,""longitude"":13.672659115634366}",81091.47599946454,43,50,,,,,,
73e8f5f7a35,1685163454975,"{""latitude"":57.840902583908985,""longitude"":16.056344643758177}","{""latitude"":57.151371071741075,""longitude"":12.68222365427812}",28706.847437526536,43,50,117.71167331503773,21441.393571026136,19667.135217231757,137.1104662719456,1685163991391,
8564ea645c2,1685163841987,"{""latitude"":58.83411650667347,""longitude"":11.281370394674019}","{""latitude"":56.737699950160035,""longitude"":15.059446146253528}",48273.1218980917,43,50,,,,,,
94208e65003,1685163991429,"{""latitude"":60.521388378198935,""longitude"":17.950557736663452}","{""latitude"":60.57895550249668,""longitude"":12.78423428644473}",44797.16230557612,43,50,,,,,1685165472628,
ba84c980099,1685165462117,"{""latitude"":60.37005578782938,""longitude"":18.208113143984683}","{""latitude"":57.60653424258982,""longitude"":16.587293625486247}",51505.02664810324,43,50,,,,,,
06523b8e3ab,1685165472685,"{""latitude"":58.722107233656885,""longitude"":15.086920300575088}","{""latitude"":59.85943132308986,""longitude"":14.6687607065398}",19625.791519169845,43,50,47.27153074698529,12631.046436269276,12631.046436269276,47.27153074698529,1685166140757,
bf1caac53f1,1685166140803,"{""latitude"":60.521388378198935,""longitude"":17.950557736663452}","{""latitude"":60.57895550249668,""longitude"":12.78423428644473}",44797.16230557612,43,50,,,,,1685167610022,
5d2525f2458,1685167610089,"{""latitude"":60.35150424555343,""longitude"":17.53142018176032}","{""latitude"":56.18078357319775,""longitude"":14.01637921681113}",85660.24511820094,43,50,,,,,,
1ecc23e7d06,1685168641833,"{""latitude"":58.80142313404748,""longitude"":16.988364646960534}","{""latitude"":59.49189682326329,""longitude"":13.031257962117532}",33037.528926217616,43,50,116.87710251650681,19132.82099061324,19132.82099061324,116.87710251650681,1685170383617,
94fd34e7b2a,1685170322078,"{""latitude"":59.23760457545041,""longitude"":18.258623820312135}","{""latitude"":58.95105162247,""longitude"":13.635149800840617}",40516.828934611774,43,50,,,,,,
3e5b14d2a01,1685170383716,"{""latitude"":58.83411650667347,""longitude"":11.281370394674019}","{""latitude"":56.737699950160035,""longitude"":15.059446146253528}",48273.1218980917,43,50,,,,,,
69e4446dedd,1685172182051,"{""latitude"":59.65588636500286,""longitude"":13.05918504784689}","{""latitude"":58.220224529531485,""longitude"":13.945327924794332}",25847.236803629537,43,50,61.70787086963068,17090.345584723837,,,,
19d89103930,1685172662103,"{""latitude"":59.34368796730657,""longitude"":13.224928621689791}","{""latitude"":58.66635010076049,""longitude"":12.906077140574833}",22539.837638563014,43,50,41.91666031630072,15702.82456159243,,,,